tamanho_bytes,tempo_ms
8,0.114373250
16,0.134687195
32,0.128130880
64,0.096475660
128,0.118009100
256,0.133662510
512,0.114385420
1024,0.129886240
2048,0.170521035
4096,0.129231110
8192,0.128886055
16384,0.120026105
32768,0.134349405
65536,0.146521550
131072,0.145847980
262144,0.189618490
524288,0.159228300
1048576,0.222957535
2097152,0.302293740
4194304,0.476981025
8388608,0.827874370
16777216,1.496058730
33554432,2.869822975
67108864,5.618823095
